,Model,Params,MSE_val,MAE_train,MAE_val,RMSE_train,RMSE_val,R2_train,R2_val,feature_subset
1230,LSTM,"{'units': 5, 'epochs': 10, 'batch_size': 32, 'dropout_rate': 0.2}",0.8858194742522745,1.3752251716759072,1.4671538408544373,1.7512503833129762,0.9411798309846394,-2.212015464196586,-3.066818076524832,"['days_since_election', 'seats', 'state_market']"
1190,LinearRegression,{'fit_intercept': True},1.2606274433345002,0.7227506846136041,0.8625343713276201,0.9917047794487589,1.1227766667216148,0.24777810456638444,0.06070872730114629,"['days_since_election', 'seats', 'state_market']"
401,RandomForest,"{'max_depth': 10, 'min_samples_leaf': 1, 'min_samples_split': 2, 'n_estimators': 50}",1.331481342573087,0.5793993435118063,0.8904667837478251,0.8230134311425428,1.1538983241919918,0.4823967413337019,3.0031573752198337e-05,"['seats', 'government_status_coalition', 'government_status_opposition', 'government_status_support', 'state_market']"
1031,XGBoost,"{'learning_rate': 0.01, 'max_depth': 2, 'n_estimators': 100}",1.2555069857465786,0.6825813977563036,0.8710327339597979,0.9354296139168987,1.1204940810850268,0.33153753315777856,0.06838382241934071,"['seats', 'government_status_coalition', 'government_status_opposition', 'government_status_support', 'state_market']"
